PVHDAM-2518,59506
PVHDAM-2517,59486
PVHDAM-2516,59470
PVHDAM-2515,59467
PVHDAM-2514,59465
PVHDAM-2513,59455
PVHDAM-2512,59444
PVHDAM-2511,59441
PVHDAM-2510,59440
PVHDAM-2509,59439
PVHDAM-2508,59438
PVHDAM-2507,59436
PVHDAM-2506,59429
PVHDAM-2505,59428
PVHDAM-2504,59417
PVHDAM-2503,59416
PVHDAM-2502,59413
PVHDAM-2501,59411
PVHDAM-2500,59408
PVHDAM-2499,59403
PVHDAM-2498,59402
PVHDAM-2497,59401
PVHDAM-2496,59399
PVHDAM-2495,59398
PVHDAM-2494,59396
PVHDAM-2493,59390
PVHDAM-2492,59388
PVHDAM-2491,59382
PVHDAM-2490,59381
PVHDAM-2489,59380
PVHDAM-2488,59379
PVHDAM-2487,59378
PVHDAM-2486,59376
PVHDAM-2485,59375
PVHDAM-2484,59369
PVHDAM-2483,59363
PVHDAM-2482,59362
PVHDAM-2481,59346
PVHDAM-2480,59345
PVHDAM-2479,59344
PVHDAM-2478,59341
PVHDAM-2477,59340
PVHDAM-2476,59339
PVHDAM-2475,59337
PVHDAM-2474,59336
PVHDAM-2473,59317
PVHDAM-2472,59316
PVHDAM-2471,59314
PVHDAM-2470,59313
PVHDAM-2469,59305
PVHDAM-2468,59299
PVHDAM-2467,59298
PVHDAM-2466,59294
PVHDAM-2465,59286
PVHDAM-2464,59285
PVHDAM-2463,59284
PVHDAM-2462,59278
PVHDAM-2461,59272
PVHDAM-2460,59270
PVHDAM-2459,59264
PVHDAM-2458,59246
PVHDAM-2457,59243
PVHDAM-2456,59239
PVHDAM-2455,59232
PVHDAM-2454,59231
PVHDAM-2453,59230
PVHDAM-2452,59225
PVHDAM-2451,59224
PVHDAM-2450,59222
PVHDAM-2449,59221
PVHDAM-2448,59220
PVHDAM-2447,59219
PVHDAM-2446,59218
PVHDAM-2445,59217
PVHDAM-2444,59211
PVHDAM-2443,59208
PVHDAM-2442,59207
PVHDAM-2441,59206
PVHDAM-2440,59205
PVHDAM-2439,59204
PVHDAM-2438,59203
PVHDAM-2437,59202
PVHDAM-2436,59201
PVHDAM-2435,59200
PVHDAM-2434,59196
PVHDAM-2433,59194
PVHDAM-2432,59193
PVHDAM-2431,59191
PVHDAM-2430,59190
PVHDAM-2429,59185
PVHDAM-2428,59184
PVHDAM-2427,59181
PVHDAM-2426,59176
PVHDAM-2425,59175
PVHDAM-2424,59174
PVHDAM-2422,59168
PVHDAM-2420,59156
PVHDAM-2419,59155
PVHDAM-2418,59150
PVHDAM-2417,59139
PVHDAM-2416,59138
PVHDAM-2415,59126
PVHDAM-2414,59124
PVHDAM-2413,59121
PVHDAM-2412,59116
PVHDAM-2411,59115
PVHDAM-2410,59114
PVHDAM-2409,59110
PVHDAM-2408,59107
PVHDAM-2407,59104
PVHDAM-2406,59101
PVHDAM-2405,59099
PVHDAM-2404,59098
PVHDAM-2403,59097
PVHDAM-2402,59095
PVHDAM-2401,59086
PVHDAM-2400,59081
PVHDAM-2399,59080
PVHDAM-2398,59079
PVHDAM-2397,59076
PVHDAM-2396,59075
PVHDAM-2395,59074
PVHDAM-2394,59072
PVHDAM-2393,59067
PVHDAM-2392,59059
PVHDAM-2391,59058
PVHDAM-2390,59036
PVHDAM-2389,59035
PVHDAM-2388,59033
PVHDAM-2387,59019
PVHDAM-2386,59017
PVHDAM-2385,59016
PVHDAM-2384,59011
PVHDAM-2383,58998
PVHDAM-2381,58995
PVHDAM-2377,58991
PVHDAM-2376,58985
PVHDAM-2375,58983
PVHDAM-2374,58982
PVHDAM-2373,58980
PVHDAM-2372,58973
PVHDAM-2371,58970
PVHDAM-2370,58969
PVHDAM-2369,58963
PVHDAM-2368,58958
PVHDAM-2367,58955
PVHDAM-2366,58948
PVHDAM-2365,58945
PVHDAM-2364,58924
PVHDAM-2363,58923
PVHDAM-2362,58922
PVHDAM-2361,58921
PVHDAM-2360,58920
PVHDAM-2359,58913
PVHDAM-2358,58908
PVHDAM-2357,58884
PVHDAM-2356,58883
PVHDAM-2355,58881
PVHDAM-2354,58877
PVHDAM-2353,58876
PVHDAM-2352,58873
PVHDAM-2351,58866
PVHDAM-2350,58856
PVHDAM-2349,58855
PVHDAM-2348,58854
PVHDAM-2347,58849
PVHDAM-2346,58835
PVHDAM-2345,58830
PVHDAM-2344,58825
PVHDAM-2343,58818
PVHDAM-2342,58813
PVHDAM-2341,58810
PVHDAM-2340,58808
PVHDAM-2339,58807
PVHDAM-2338,58806
PVHDAM-2337,58802
PVHDAM-2336,58797
PVHDAM-2335,58786
PVHDAM-2334,58782
PVHDAM-2332,58767
PVHDAM-2331,58759
PVHDAM-2330,58748
PVHDAM-2329,58747
PVHDAM-2328,58738
PVHDAM-2327,58737
PVHDAM-2326,58725
PVHDAM-2325,58724
PVHDAM-2324,58722
PVHDAM-2323,58713
PVHDAM-2322,58707
PVHDAM-2321,58706
PVHDAM-2320,58705
PVHDAM-2319,58689
PVHDAM-2318,58688
PVHDAM-2317,58675
PVHDAM-2316,58670
PVHDAM-2315,58668
PVHDAM-2314,58666
PVHDAM-2313,58656
PVHDAM-2312,58652
PVHDAM-2311,58644
PVHDAM-2310,58643
PVHDAM-2309,58641
PVHDAM-2308,58634
PVHDAM-2307,58633
PVHDAM-2306,58632
PVHDAM-2305,58631
PVHDAM-2304,58630
PVHDAM-2303,58629
PVHDAM-2302,58628
PVHDAM-2301,58627
PVHDAM-2300,58623
PVHDAM-2299,58618
PVHDAM-2298,58617
PVHDAM-2297,58616
PVHDAM-2296,58615
PVHDAM-2295,58614
PVHDAM-2294,58613
PVHDAM-2293,58612
PVHDAM-2292,58607
PVHDAM-2291,58606
PVHDAM-2290,58600
PVHDAM-2289,58585
PVHDAM-2288,58582
PVHDAM-2287,58581
PVHDAM-2286,58580
PVHDAM-2285,58575
PVHDAM-2284,58573
PVHDAM-2283,58572
PVHDAM-2282,58563
PVHDAM-2281,58559
PVHDAM-2280,58549
PVHDAM-2279,58548
PVHDAM-2278,58546
PVHDAM-2277,58545
PVHDAM-2276,58544
PVHDAM-2275,58542
PVHDAM-2274,58541
PVHDAM-2273,58528
PVHDAM-2272,58525
PVHDAM-2271,58521
PVHDAM-2270,58520
PVHDAM-2269,58518
PVHDAM-2268,58517
PVHDAM-2267,58508
PVHDAM-2266,58505
PVHDAM-2265,58504
PVHDAM-2264,58503
PVHDAM-2263,58485
PVHDAM-2262,58482
PVHDAM-2261,58471
PVHDAM-2260,58454
PVHDAM-2259,58453
PVHDAM-2258,58451
PVHDAM-2257,58446
PVHDAM-2256,58445
PVHDAM-2255,58444
PVHDAM-2254,58442
PVHDAM-2253,58435
PVHDAM-2252,58430
PVHDAM-2251,58429
PVHDAM-2250,58413
PVHDAM-2249,58409
PVHDAM-2248,58404
PVHDAM-2247,58401
PVHDAM-2246,58400
PVHDAM-2245,58399
PVHDAM-2244,58397
PVHDAM-2243,58390
PVHDAM-2242,58382
PVHDAM-2241,58380
PVHDAM-2240,58355
PVHDAM-2239,58354
PVHDAM-2238,58353
PVHDAM-2237,58352
PVHDAM-2236,58351
PVHDAM-2235,58344
PVHDAM-2234,58340
PVHDAM-2233,58336
PVHDAM-2232,58335
PVHDAM-2231,58334
PVHDAM-2230,58332
PVHDAM-2229,58326
PVHDAM-2228,58325
PVHDAM-2227,58324
PVHDAM-2226,58323
PVHDAM-2225,58322
PVHDAM-2224,58314
PVHDAM-2223,58306
PVHDAM-2222,58293
PVHDAM-2221,58292
PVHDAM-2220,58291
PVHDAM-2219,58285
PVHDAM-2218,58269
PVHDAM-2217,58261
PVHDAM-2216,58260
PVHDAM-2214,58257
PVHDAM-2213,58256
PVHDAM-2212,58255
PVHDAM-2211,58252
PVHDAM-2210,58249
PVHDAM-2209,58248
PVHDAM-2208,58247
PVHDAM-2207,58246
PVHDAM-2206,58245
PVHDAM-2205,58243
PVHDAM-2204,58242
PVHDAM-2203,58241
PVHDAM-2202,58239
PVHDAM-2201,58224
PVHDAM-2200,58222
PVHDAM-2199,58221
PVHDAM-2198,58220
PVHDAM-2197,58217
PVHDAM-2196,58216
PVHDAM-2195,58212
PVHDAM-2194,58211
PVHDAM-2193,58210
PVHDAM-2192,58198
PVHDAM-2191,58177
PVHDAM-2190,58174
PVHDAM-2189,58173
PVHDAM-2188,58151
PVHDAM-2187,58098
PVHDAM-2186,58097
PVHDAM-2185,58096
PVHDAM-2184,58095
PVHDAM-2183,58090
PVHDAM-2182,58085
PVHDAM-2181,58078
PVHDAM-2180,58077
PVHDAM-2179,58048
PVHDAM-2178,58047
PVHDAM-2177,58045
PVHDAM-2176,58044
PVHDAM-2175,58042
PVHDAM-2174,58040
PVHDAM-2173,58038
PVHDAM-2172,58035
PVHDAM-2171,58034
PVHDAM-2170,58033
PVHDAM-2169,58032
PVHDAM-2168,58031
PVHDAM-2167,58030
PVHDAM-2166,58029
PVHDAM-2165,58027
PVHDAM-2164,58020
PVHDAM-2163,58016
PVHDAM-2162,58015
PVHDAM-2161,58014
PVHDAM-2160,58005
PVHDAM-2159,58004
PVHDAM-2158,58003
PVHDAM-2157,58000
PVHDAM-2156,57996
PVHDAM-2155,57993
PVHDAM-2154,57992
PVHDAM-2153,57991
PVHDAM-2152,57989
PVHDAM-2151,57984
PVHDAM-2150,57976
PVHDAM-2149,57974
PVHDAM-2148,57973
PVHDAM-2147,57972
PVHDAM-2146,57969
PVHDAM-2145,57968
PVHDAM-2144,57958
PVHDAM-2143,57953
PVHDAM-2142,57950
PVHDAM-2141,57949
PVHDAM-2140,57948
PVHDAM-2139,57938
PVHDAM-2138,57937
PVHDAM-2137,57936
PVHDAM-2136,57934
PVHDAM-2135,57931
PVHDAM-2134,57915
PVHDAM-2133,57905
PVHDAM-2132,57904
PVHDAM-2131,57888
PVHDAM-2130,57875
PVHDAM-2129,57874
PVHDAM-2128,57866
PVHDAM-2127,57865
PVHDAM-2126,57864
PVHDAM-2125,57863
PVHDAM-2124,57861
PVHDAM-2123,57827
PVHDAM-2121,57792
PVHDAM-2120,57791
PVHDAM-2119,57783
PVHDAM-2118,57777
PVHDAM-2117,57771
PVHDAM-2116,57766
PVHDAM-2115,57740
PVHDAM-2114,57737
PVHDAM-2113,57736
PVHDAM-2112,57735
PVHDAM-2111,57722
PVHDAM-2110,57721
PVHDAM-2109,57720
PVHDAM-2108,57719
PVHDAM-2107,57716
PVHDAM-2106,57700
PVHDAM-2105,57690
PVHDAM-2103,57680
PVHDAM-2102,57678
PVHDAM-2101,57674
PVHDAM-2100,57673
PVHDAM-2099,57672
PVHDAM-2097,57666
PVHDAM-2096,57660
PVHDAM-2095,57659
PVHDAM-2093,57656
PVHDAM-2092,57654
PVHDAM-2091,57651
PVHDAM-2090,57650
PVHDAM-2089,57648
PVHDAM-2088,57612
PVHDAM-2087,57606
PVHDAM-2086,57605
PVHDAM-2085,57600
PVHDAM-2084,57594
PVHDAM-2083,57593
PVHDAM-2082,57591
PVHDAM-2081,57590
PVHDAM-2080,57584
PVHDAM-2079,57583
PVHDAM-2078,57554
PVHDAM-2077,57551
PVHDAM-2076,57550
PVHDAM-2075,57547
PVHDAM-2074,57545
PVHDAM-2073,57520
PVHDAM-2072,57517
PVHDAM-2071,57504
PVHDAM-2070,57503
PVHDAM-2069,57502
PVHDAM-2068,57501
PVHDAM-2067,57496
PVHDAM-2066,57484
PVHDAM-2065,57483
PVHDAM-2064,57471
PVHDAM-2063,57454
PVHDAM-2062,57449
PVHDAM-2061,57447
PVHDAM-2060,57444
PVHDAM-2059,57443
PVHDAM-2058,57433
PVHDAM-2057,57432
PVHDAM-2055,57430
PVHDAM-2054,57429
PVHDAM-2053,57428
PVHDAM-2052,57427
PVHDAM-2051,57426
PVHDAM-2050,57425
PVHDAM-2049,57424
PVHDAM-2048,57423
PVHDAM-2047,57421
PVHDAM-2046,57420
PVHDAM-2045,57419
PVHDAM-2044,57418
PVHDAM-2043,57417
PVHDAM-2042,57416
PVHDAM-2041,57415
PVHDAM-2040,57414
PVHDAM-2039,57413
PVHDAM-2038,57412
PVHDAM-2037,57411
PVHDAM-2036,57410
PVHDAM-2035,57409
PVHDAM-2034,57408
PVHDAM-2033,57407
PVHDAM-2032,57406
PVHDAM-2031,57405
PVHDAM-2030,57404
PVHDAM-2029,57403
PVHDAM-2028,57383
PVHDAM-2027,57377
PVHDAM-2026,57376
PVHDAM-2025,57375
PVHDAM-2024,57373
PVHDAM-2023,57372
PVHDAM-2022,57367
PVHDAM-2021,57366
PVHDAM-2020,57365
PVHDAM-2019,57364
PVHDAM-2018,57335
PVHDAM-2017,57328
PVHDAM-2016,57312
PVHDAM-2015,57311
PVHDAM-2014,57309
PVHDAM-2013,57297
PVHDAM-2012,57287
PVHDAM-2011,57284
PVHDAM-2010,57283
PVHDAM-2009,57277
PVHDAM-2008,57276
PVHDAM-2007,57275
PVHDAM-2006,57270
PVHDAM-2005,57262
PVHDAM-2004,57232
PVHDAM-2003,57230
PVHDAM-2002,57227
PVHDAM-2001,57226
PVHDAM-2000,57225
PVHDAM-1999,57222
PVHDAM-1998,57214
PVHDAM-1997,57212
PVHDAM-1996,57211
PVHDAM-1995,57210
PVHDAM-1994,57209
PVHDAM-1993,57208
PVHDAM-1992,57207
PVHDAM-1991,57205
PVHDAM-1990,57204
PVHDAM-1989,57203
PVHDAM-1988,57198
PVHDAM-1987,57193
PVHDAM-1986,57192
PVHDAM-1985,57188
PVHDAM-1984,57185
PVHDAM-1983,57184
PVHDAM-1982,57170
PVHDAM-1981,57169
PVHDAM-1980,57167
PVHDAM-1979,57166
PVHDAM-1978,57158
PVHDAM-1977,57153
PVHDAM-1976,57139
PVHDAM-1975,57123
PVHDAM-1974,57116
PVHDAM-1973,57115
PVHDAM-1972,57076
PVHDAM-1971,57075
PVHDAM-1970,57074
PVHDAM-1969,57073
PVHDAM-1968,57071
PVHDAM-1966,57052
PVHDAM-1965,57048
PVHDAM-1964,57043
PVHDAM-1963,57037
PVHDAM-1962,57036
PVHDAM-1961,57023
PVHDAM-1960,57022
PVHDAM-1959,57021
PVHDAM-1958,57020
PVHDAM-1957,57014
PVHDAM-1956,57013
PVHDAM-1955,56982
PVHDAM-1954,56965
PVHDAM-1953,56960
PVHDAM-1952,56945
PVHDAM-1951,56944
PVHDAM-1950,56943
PVHDAM-1949,56937
PVHDAM-1948,56936
PVHDAM-1947,56935
PVHDAM-1946,56934
PVHDAM-1945,56933
PVHDAM-1944,56932
PVHDAM-1943,56931
PVHDAM-1942,56930
PVHDAM-1941,56929
PVHDAM-1940,56927
PVHDAM-1939,56926
PVHDAM-1938,56925
PVHDAM-1937,56924
PVHDAM-1936,56903
PVHDAM-1935,56893
PVHDAM-1934,56882
PVHDAM-1933,56881
PVHDAM-1932,56880
PVHDAM-1931,56852
PVHDAM-1930,56850
PVHDAM-1929,56847
PVHDAM-1928,56841
PVHDAM-1927,56840
PVHDAM-1926,56839
PVHDAM-1925,56826
PVHDAM-1924,56825
PVHDAM-1923,56818
PVHDAM-1922,56814
PVHDAM-1921,56804
PVHDAM-1920,56803
PVHDAM-1919,56781
PVHDAM-1918,56750
PVHDAM-1917,56744
PVHDAM-1916,56743
PVHDAM-1915,56742
PVHDAM-1914,56741
PVHDAM-1913,56740
PVHDAM-1912,56730
PVHDAM-1911,56718
PVHDAM-1910,56708
PVHDAM-1909,56701
PVHDAM-1908,56700
PVHDAM-1907,56697
PVHDAM-1906,56694
PVHDAM-1905,56691
PVHDAM-1904,56690
PVHDAM-1903,56689
PVHDAM-1902,56687
PVHDAM-1901,56680
PVHDAM-1900,56671
PVHDAM-1899,56669
PVHDAM-1898,56651
PVHDAM-1897,56636
PVHDAM-1896,56633
PVHDAM-1895,56631
PVHDAM-1894,56630
PVHDAM-1893,56629
PVHDAM-1892,56628
PVHDAM-1891,56627
PVHDAM-1890,56625
PVHDAM-1889,56624
PVHDAM-1888,56623
PVHDAM-1887,56621
PVHDAM-1886,56620
PVHDAM-1885,56617
PVHDAM-1884,56615
PVHDAM-1883,56612
PVHDAM-1882,56610
PVHDAM-1881,56598
PVHDAM-1880,56597
PVHDAM-1879,56596
PVHDAM-1878,56594
PVHDAM-1877,56592
PVHDAM-1876,56587
PVHDAM-1875,56586
PVHDAM-1874,56585
PVHDAM-1873,56577
PVHDAM-1872,56568
PVHDAM-1871,56567
PVHDAM-1870,56566
PVHDAM-1869,56558
PVHDAM-1868,56534
PVHDAM-1866,56520
PVHDAM-1865,56519
PVHDAM-1864,56518
PVHDAM-1863,56517
PVHDAM-1862,56516
PVHDAM-1861,56515
PVHDAM-1860,56506
PVHDAM-1859,56476
PVHDAM-1858,56473
PVHDAM-1857,56471
PVHDAM-1856,56469
PVHDAM-1855,56465
PVHDAM-1854,56463
PVHDAM-1853,56442
PVHDAM-1852,56440
PVHDAM-1851,56433
PVHDAM-1850,56430
PVHDAM-1849,56412
PVHDAM-1848,56410
PVHDAM-1847,56393
PVHDAM-1846,56386
PVHDAM-1845,56384
PVHDAM-1844,56372
PVHDAM-1843,56366
PVHDAM-1842,56365
PVHDAM-1841,56361
PVHDAM-1840,56360
PVHDAM-1839,56359
PVHDAM-1838,56357
PVHDAM-1837,56340
PVHDAM-1836,56339
PVHDAM-1835,56338
PVHDAM-1834,56337
PVHDAM-1833,56336
PVHDAM-1831,56334
PVHDAM-1830,56329
PVHDAM-1829,56328
PVHDAM-1828,56327
PVHDAM-1827,56318
PVHDAM-1826,56316
PVHDAM-1825,56309
PVHDAM-1824,56308
PVHDAM-1823,56307
PVHDAM-1822,56306
PVHDAM-1821,56305
PVHDAM-1820,56299
PVHDAM-1819,56298
PVHDAM-1818,56285
PVHDAM-1817,56284
PVHDAM-1816,56280
PVHDAM-1815,56279
PVHDAM-1814,56267
PVHDAM-1813,56265
PVHDAM-1812,56263
PVHDAM-1811,56255
PVHDAM-1810,56248
PVHDAM-1809,56247
PVHDAM-1808,56245
PVHDAM-1807,56244
PVHDAM-1806,56243
PVHDAM-1805,56233
PVHDAM-1804,56228
PVHDAM-1803,56225
PVHDAM-1802,56221
PVHDAM-1801,56219
PVHDAM-1800,56218
PVHDAM-1799,56206
PVHDAM-1798,56201
PVHDAM-1797,56199
PVHDAM-1796,56198
PVHDAM-1795,56197
PVHDAM-1794,56196
PVHDAM-1793,56189
PVHDAM-1792,56188
PVHDAM-1791,56187
PVHDAM-1790,56186
PVHDAM-1789,56185
PVHDAM-1788,56180
PVHDAM-1787,56179
PVHDAM-1786,56178
PVHDAM-1785,56177
PVHDAM-1784,56176
PVHDAM-1783,56163
PVHDAM-1782,56162
PVHDAM-1781,56161
PVHDAM-1780,56160
PVHDAM-1779,56159
PVHDAM-1778,56158
PVHDAM-1777,56157
PVHDAM-1775,56152
PVHDAM-1774,56149
PVHDAM-1773,56148
PVHDAM-1772,56147
PVHDAM-1771,56146
PVHDAM-1770,56145
PVHDAM-1769,56144
PVHDAM-1768,56143
PVHDAM-1767,56140
PVHDAM-1766,56129
PVHDAM-1765,56117
PVHDAM-1764,56116
PVHDAM-1763,56115
PVHDAM-1762,56112
PVHDAM-1761,56110
PVHDAM-1760,56102
PVHDAM-1759,56097
PVHDAM-1758,56096
PVHDAM-1757,56095
PVHDAM-1756,56094
PVHDAM-1755,56093
PVHDAM-1754,56092
PVHDAM-1753,56090
PVHDAM-1752,56082
PVHDAM-1751,56081
PVHDAM-1750,56077
PVHDAM-1749,56076
PVHDAM-1748,56072
PVHDAM-1747,56060
PVHDAM-1746,56058
PVHDAM-1745,56057
PVHDAM-1744,56050
PVHDAM-1743,56048
PVHDAM-1742,56045
PVHDAM-1741,56044
PVHDAM-1740,56043
PVHDAM-1739,56042
PVHDAM-1738,56041
PVHDAM-1737,56040
PVHDAM-1736,56039
PVHDAM-1735,56036
PVHDAM-1734,56035
PVHDAM-1733,56034
PVHDAM-1732,56031
PVHDAM-1731,56014
PVHDAM-1730,56013
PVHDAM-1729,56012
PVHDAM-1728,56011
PVHDAM-1727,56010
PVHDAM-1726,56009
PVHDAM-1725,56008
PVHDAM-1724,56006
PVHDAM-1723,56000
PVHDAM-1722,55999
PVHDAM-1721,55997
PVHDAM-1720,55994
PVHDAM-1719,55987
PVHDAM-1718,55986
PVHDAM-1717,55985
PVHDAM-1716,55982
PVHDAM-1715,55978
PVHDAM-1714,55963
PVHDAM-1713,55952
PVHDAM-1712,55951
PVHDAM-1711,55950
PVHDAM-1710,55949
PVHDAM-1708,55947
PVHDAM-1707,55946
PVHDAM-1706,55945
PVHDAM-1705,55941
PVHDAM-1704,55940
PVHDAM-1703,55939
PVHDAM-1702,55938
PVHDAM-1701,55937
PVHDAM-1700,55934
PVHDAM-1699,55933
PVHDAM-1698,55902
PVHDAM-1697,55901
PVHDAM-1696,55900
PVHDAM-1695,55883
PVHDAM-1694,55879
PVHDAM-1693,55878
PVHDAM-1692,55877
PVHDAM-1691,55873
PVHDAM-1690,55864
PVHDAM-1689,55863
PVHDAM-1688,55862
PVHDAM-1687,55860
PVHDAM-1686,55848
PVHDAM-1685,55847
PVHDAM-1684,55840
PVHDAM-1683,55836
PVHDAM-1682,55832
PVHDAM-1681,55829
PVHDAM-1680,55810
PVHDAM-1679,55799
PVHDAM-1678,55792
PVHDAM-1677,55791
PVHDAM-1676,55783
PVHDAM-1675,55770
PVHDAM-1674,55768
PVHDAM-1673,55745
PVHDAM-1672,55744
PVHDAM-1671,55743
PVHDAM-1670,55742
PVHDAM-1669,55732
PVHDAM-1668,55729
PVHDAM-1667,55727
PVHDAM-1666,55724
PVHDAM-1665,55723
PVHDAM-1664,55722
PVHDAM-1663,55720
PVHDAM-1662,55716
PVHDAM-1661,55691
PVHDAM-1660,55688
PVHDAM-1659,55678
PVHDAM-1658,55673
PVHDAM-1657,55662
PVHDAM-1656,55658
PVHDAM-1655,55657
PVHDAM-1654,55656
PVHDAM-1653,55655
PVHDAM-1652,55651
PVHDAM-1651,55648
PVHDAM-1650,55645
PVHDAM-1649,55641
PVHDAM-1648,55631
PVHDAM-1647,55630
PVHDAM-1646,55620
PVHDAM-1645,55619
PVHDAM-1644,55607
PVHDAM-1643,55605
PVHDAM-1642,55604
PVHDAM-1641,55602
PVHDAM-1640,55594
PVHDAM-1639,55593
PVHDAM-1638,55592
PVHDAM-1637,55591
PVHDAM-1636,55590
PVHDAM-1635,55584
PVHDAM-1634,55574
PVHDAM-1633,55571
PVHDAM-1632,55569
PVHDAM-1631,55566
PVHDAM-1630,55545
PVHDAM-1629,55543
PVHDAM-1628,55542
PVHDAM-1627,55541
PVHDAM-1626,55538
PVHDAM-1625,55537
PVHDAM-1624,55526
PVHDAM-1623,55513
PVHDAM-1622,55508
PVHDAM-1621,55507
PVHDAM-1620,55506
PVHDAM-1619,55505
PVHDAM-1618,55504
PVHDAM-1617,55503
PVHDAM-1616,55502
PVHDAM-1615,55501
PVHDAM-1614,55490
PVHDAM-1613,55475
PVHDAM-1612,55472
PVHDAM-1611,55471
PVHDAM-1610,55463
PVHDAM-1609,55452
PVHDAM-1608,55451
PVHDAM-1607,55450
PVHDAM-1606,55449
PVHDAM-1605,55371
PVHDAM-1604,55370
PVHDAM-1603,55369
PVHDAM-1602,55368
PVHDAM-1601,55367
PVHDAM-1600,55366
PVHDAM-1599,55365
PVHDAM-1598,55363
PVHDAM-1597,55362
PVHDAM-1596,55361
PVHDAM-1594,55359
PVHDAM-1593,55358
PVHDAM-1592,55353
PVHDAM-1591,55351
PVHDAM-1590,55350
PVHDAM-1589,55349
PVHDAM-1588,55346
PVHDAM-1587,55341
PVHDAM-1586,55340
PVHDAM-1585,55330
PVHDAM-1584,55328
PVHDAM-1583,55320
PVHDAM-1582,55319
PVHDAM-1581,55315
PVHDAM-1580,55314
PVHDAM-1579,55310
PVHDAM-1578,55305
PVHDAM-1577,55304
PVHDAM-1576,55303
PVHDAM-1575,55302
PVHDAM-1574,55301
PVHDAM-1573,55300
PVHDAM-1572,55299
PVHDAM-1571,55295
PVHDAM-1570,55289
PVHDAM-1569,55288
PVHDAM-1568,55284
PVHDAM-1567,55281
PVHDAM-1566,55277
PVHDAM-1565,55256
PVHDAM-1564,55250
PVHDAM-1563,55248
PVHDAM-1562,55247
PVHDAM-1561,55245
PVHDAM-1560,55244
PVHDAM-1559,55243
PVHDAM-1558,55242
PVHDAM-1557,55241
PVHDAM-1556,55240
PVHDAM-1555,55239
PVHDAM-1554,55238
PVHDAM-1553,55237
PVHDAM-1552,55230
PVHDAM-1551,55228
PVHDAM-1550,55227
PVHDAM-1549,55226
PVHDAM-1548,55225
PVHDAM-1547,55224
PVHDAM-1546,55223
PVHDAM-1545,55221
PVHDAM-1544,55220
PVHDAM-1543,55219
PVHDAM-1542,55218
PVHDAM-1541,55217
PVHDAM-1540,55212
PVHDAM-1539,55211
PVHDAM-1538,55191
PVHDAM-1537,55180
PVHDAM-1536,55174
PVHDAM-1535,55173
PVHDAM-1534,55169
PVHDAM-1533,55163
PVHDAM-1532,55162
PVHDAM-1531,55159
PVHDAM-1530,55158
PVHDAM-1529,55157
PVHDAM-1528,55156
PVHDAM-1527,55147
PVHDAM-1526,55146
PVHDAM-1525,55145
PVHDAM-1524,55134
PVHDAM-1523,55126
PVHDAM-1522,55125
PVHDAM-1521,55124
PVHDAM-1520,55123
PVHDAM-1519,55122
PVHDAM-1518,55117
PVHDAM-1517,55116
PVHDAM-1516,55115
PVHDAM-1515,55112
PVHDAM-1514,55100
PVHDAM-1512,55092
PVHDAM-1511,55087
PVHDAM-1510,55086
PVHDAM-1509,55081
PVHDAM-1508,55080
PVHDAM-1507,55076
PVHDAM-1506,55075
PVHDAM-1505,55073
PVHDAM-1504,55072
PVHDAM-1503,55071
PVHDAM-1502,55070
PVHDAM-1501,55068
PVHDAM-1500,55067
PVHDAM-1499,55066
